Stream_Name,drainSqKm,elevation_mean_m,Max_Daylength,rocks_volcanic,rocks_sedimentary,rocks_plutonic,rocks_metamorphic,rocks_carbonate_evaporite,land_evergreen_needleleaf_forest,land_tundra,land_shrubland_grassland,land_cropland,land_mixed_forest,land_urban_and_built_up_land,land_barren_or_sparsely_vegetated,land_wetland,land_evergreen_broadleaf_forest
CU11.6M,2338,216.8835821,14.84648621,NA,16.66666667,NA,NA,83.33333333,NA,NA,12.8358209,71.40298507,0.258706468,0.258706468,NA,NA,NA
Lookout,62.42,1017.787879,15.44736083,100,NA,NA,NA,NA,100,NA,NA,NA,NA,NA,NA,NA,NA
Kolyma,650000,510.6763261,24,22.81879195,64.93288591,4.865771812,2.348993289,5.033557047,NA,33.16731902,16.52255922,0.00184813,1.080651819,NA,0.255433921,19.96640884,NA
LMP,479.2,117.387921,15.31110433,NA,NA,NA,100,NA,NA,NA,NA,1.055099648,21.68815944,NA,NA,NA,NA
Q1,0.07,366,13.20878191,100,NA,NA,NA,NA,NA,NA,NA,NA,100,NA,NA,NA,NA
Sagehen,27,2185.311475,14.89922583,100,NA,NA,NA,NA,100,NA,NA,NA,NA,NA,NA,NA,NA
Site.11564,36705,238.4203226,18.96047444,12.30769231,16.92307692,27.69230769,43.07692308,NA,77.97115462,0.860124083,8.673085704,0.318937502,6.649343324,0.024172105,NA,NA,NA
STREORK,3053,724.5893926,20.31025747,NA,33.33333333,NA,66.66666667,NA,14.52190006,3.886489821,37.91486737,0.172732881,35.73103023,NA,NA,NA,NA
WS2,0.156,619,15.41519983,NA,NA,100,NA,NA,NA,NA,NA,NA,NA,NA,NA,NA,NA